Date,Open,High,Low,Close,Volume,RSI,SMA_20,SMA_50,EMA_12,EMA_26,MACD,MACD_Signal,MACD_Histogram,BB_Upper,BB_Middle,BB_Lower,BB_Width,BB_Position,ATR,Stoch_K,Stoch_D,Volume_SMA,Volume_Ratio,Price_Change,High_Low_Ratio,Close_Open_Ratio,Volatility
2025-02-01 00:00:00+05:30,1679.028823956694,1694.360162260864,1657.8122782777295,1672.550048828125,2793764,,,,1672.550048828125,1672.550048828125,,,,,,,,,0.0,,,,,,1.0220458519109916,0.9961413556240795,
2025-02-03 00:00:00+05:30,1651.828139694996,1668.4453812534073,1645.349364263455,1659.7410888671875,10138270,,,,1665.6118621826172,1665.899242694561,,,,,,,,,0.0,,,,,-0.007658341805623192,1.014037150705857,1.0047904191616766,
2025-02-04 00:00:00+05:30,1670.3246232912106,1707.0210219609323,1661.7688435247674,1702.17431640625,14308251,,,,1679.8821965100858,1678.9325244766314,,,,,,,,,0.0,,,,,0.025566172834839085,1.0272313316093837,1.01906796599351,
2025-02-05 00:00:00+05:30,1714.1425632011333,1725.2206434143388,1700.1960148503242,1718.890380859375,11837753,,,,1692.1955558513773,1690.102994979721,,,,,,,,,0.0,,,,,0.009820418679807874,1.0147186726385884,1.0027697915915321,
2025-02-06 00:00:00+05:30,1716.6153952446862,1729.9684968498739,1705.2405309143412,1724.87451171875,13380358,,,,1701.0743113667172,1698.1666531300623,,,,,,,,,0.0,,,,,0.003481391789733168,1.0145011600928073,1.0048112795078867,
2025-02-07 00:00:00+05:30,1730.9575596166678,1747.772575910087,1706.2295944792868,1713.895263671875,11754800,,,,1704.190477284665,1701.3169683746898,,,,,,,,,0.0,,,,,-0.006365244527808955,1.0243478260869565,0.9901428571428572,
2025-02-10 00:00:00+05:30,1698.6135044686043,1704.6964875672104,1689.9092120593446,1697.080322265625,8597975,,,,1702.6038710687003,1700.563502826384,,,,,,,,,0.0,,,,,-0.009810950390413797,1.00875033723844,0.99909739196177,
2025-02-11 00:00:00+05:30,1684.4690402815525,1692.3819893844604,1670.3245954632957,1682.886474609375,11362352,,,,1698.4891543339634,1697.7152955734603,,,,,,,,,0.0,,,,,-0.008363686426639538,1.013205453587329,0.9990604958391441,
2025-02-12 00:00:00+05:30,1674.5778973496554,1693.371151956651,1662.9062488232378,1688.227783203125,11404785,,,,1696.4590898915667,1696.309037961415,,,,,,,,,0.0,,,,,0.0031738971548807005,1.0183202770180049,1.0081512397094654,
2025-02-13 00:00:00+05:30,1680.5125871127052,1695.5966465320512,1675.1219387645679,1679.2266845703125,6301217,,,,1693.1935557804668,1693.951839450657,,,,,,,,,0.0,,,,,-0.005331684931599967,1.012222816317828,0.9992348152865657,
2025-02-14 00:00:00+05:30,1683.3810496024255,1683.3810496024255,1661.7193270831162,1676.40771484375,9979946,,,,1690.1221516242595,1691.6763609311545,,,,,,,,,0.0,,,,,-0.0016787309018281293,1.0130357288178942,0.9958575423191781,
2025-02-17 00:00:00+05:30,1666.8626539426798,1701.2840302942786,1662.9556836815443,1698.662841796875,6469473,,,,1691.640658299064,1692.534760187376,,,,,,,,,0.0,,,,,0.013275485883336824,1.0230483271375463,1.0190778693007352,
2025-02-18 00:00:00+05:30,1694.4097170226223,1712.708411673349,1687.584774328812,1704.3009033203125,8175455,,,,1693.8389577909159,1693.9131617330984,,,,,,,,,0.0,,,,,0.0033191174756455055,1.0148873334997521,1.005837541061244,
2025-02-19 00:00:00+05:30,1698.3166779770647,1718.9892813739957,1693.816139939549,1708.4056396484375,5942056,61.16328554983174,,,1696.3191986232025,1695.5408394745868,,,,,,,,,29.59230819990572,61.56443873536354,,,,0.0024084575206926306,1.0148617909824293,1.00594056562136,
2025-02-20 00:00:00+05:30,1692.3820255278974,1696.0417162693425,1666.961724288724,1668.7420654296875,13195255,43.037911447767776,,,1691.6995567092438,1692.641868570412,,,,,,,,,30.43885156846341,22.83925761568489,,,,-0.023216719319020807,1.0174449068367342,0.9860315462220558,
2025-02-21 00:00:00+05:30,1662.6095001944939,1676.5065442573725,1658.9991931098252,1674.083251953125,7840470,45.385047753356744,,,1688.7883234515732,1690.7004848168474,,,,,,,,,29.515172966969402,16.99164588245847,33.798447411168965,,,0.0032007262440898465,1.010552959410866,1.0069010502810725,
2025-02-24 00:00:00+05:30,1662.8073045977758,1665.873548202101,1643.0249319995226,1658.850830078125,10346823,40.28669432765826,,,1683.8967380827685,1687.467466721999,,,,,,,,,29.625397751728908,15.108595752392207,18.31316641684519,,,-0.009098963183120423,1.013906433041629,0.9976206055213308,
2025-02-25 00:00:00+05:30,1652.9161165968144,1669.6322455735317,1652.9161165968144,1664.043701171875,12069354,42.651850465386474,,,1680.683561790244,1685.1532399829418,,,,,,,,,28.703307124942366,20.0661020980087,17.38878124428646,,,0.0031304026857590372,1.0101131139135688,1.0067320927319476,
2025-02-27 00:00:00+05:30,1664.2415635700595,1692.1346600420295,1664.2415635700595,1682.1939697265625,17893400,50.09255763304819,,,1680.926077843874,1684.8679235099064,,,,,,,,,28.659567963886094,37.39371718993817,24.189471680113027,,,0.010907326858005773,1.016760245076523,1.0107871396493622,
2025-02-28 00:00:00+05:30,1666.6649456049367,1718.3463956986209,1666.6649456049367,1713.5491943359375,27258364,59.79689604807024,1689.4393493652344,,1686.1292024100076,1687.5727853483195,,,,1729.3684301952562,1689.4393493652344,1649.5102685352126,79.8581616600436,0.8019083393547017,30.303988116014526,92.8386314332256,50.09948357372415,11052506.05,2.4662609435983978,0.01863948223192824,1.0310089020771513,1.0281305782872774,
2025-03-03 00:00:00+05:30,1720.8687010317285,1724.0833366917977,1675.665905612617,1683.034912109375,10602682,49.673943828653194,1689.9635925292969,,1685.6384586472227,1687.1533167398757,,,,1729.2622673305727,1689.9635925292969,1650.664917728021,78.59734960255173,0.41184587705617837,31.597805470526396,49.35944676155879,59.86393179490753,11442951.95,0.9265687775609336,-0.01780764878383778,1.0288944418556272,0.9780147149520061,0.011886346419547581
2025-03-04 00:00:00+05:30,1679.5233989514802,1695.646080583334,1674.825085556298,1691.392822265625,9960479,52.06746969101042,1691.5461791992188,,1686.546766038978,1687.5381384949785,,,,1728.3170387604498,1691.5461791992188,1654.7753196379879,73.54171912246193,0.49791469474165445,30.82803329599136,59.670419680381244,67.28949929172187,11434062.4,0.8711233725644176,0.004965975510142551,1.0124317429960874,1.0070671378091873,0.011771684207565329
2025-03-05 00:00:00+05:30,1683.4303928862487,1692.1841892974087,1669.8795160417726,1671.6104736328125,10791936,46.437814043597605,1690.0179870605468,,1684.1985156726664,1686.1161199806104,,,,1727.4298787423204,1690.0179870605468,1652.6060953787733,74.82378336354714,0.2539884699722073,30.219221864537413,35.26536420474869,48.098410215562915,11258246.65,0.958580526391292,-0.011695892504920313,1.0133570554290685,0.9929786706338533,0.010567941027569062
2025-03-06 00:00:00+05:30,1668.6431133704964,1681.4027677278386,1654.053613712989,1672.79736328125,16483044,46.809406907370686,1687.7133361816407,,1682.4120752498807,1684.9448344598707,,,,1723.3642958945138,1687.7133361816407,1652.0623764687675,71.30191942574629,0.2908054506733982,30.014217018131138,36.72960428317527,43.8884627227684,11490511.2,1.4344917918012212,0.0007100276452911558,1.0165346236591792,1.0024895976122554,0.010276005244184039
2025-03-07 00:00:00+05:30,1663.697542247854,1682.6391882357625,1659.3453961102166,1670.86865234375,6686457,46.24791600458127,1685.0130432128906,,1680.6084707384086,1683.7238719095453,,,,1716.987762621203,1685.0130432128906,1653.038323804578,63.949438816624934,0.27881915571300586,29.534186668660766,34.350195331294174,35.448387939739376,11155816.15,0.599369594307988,-0.0011529854002858553,1.0140379406120934,1.0043103448275863,0.010214392731882594
2025-03-10 00:00:00+05:30,1670.621373263889,1681.402790525719,1664.7361656868547,1669.1376953125,7802025,45.71788708817235,1682.775164794922,,1678.8205064704523,1682.4744966443216,-2.3936543559595975,,,1712.539557690617,1682.775164794922,1653.010771899227,59.528785791389964,0.2709096649440749,28.615075109389583,32.214751094732534,34.431516903067326,10958177.4,0.7119819943780067,-0.001035962359352438,1.0100115713122553,0.9991119005328597,0.010151196695667948
2025-03-11 00:00:00+05:30,1664.0931802732555,1675.5669320467778,1651.8775895392637,1667.159423828125,9949215,45.08197855709098,1681.279119873047,,1677.0065522337293,1681.17770566995,-3.140076646112675,,,1711.0248632652085,1681.279119873047,1651.5333764808854,59.491486784323115,0.26266022572085534,28.263237066398478,29.774200368518294,32.113048931515,11025739.4,0.9023626116176843,-0.0011852056843066894,1.0143408583405513,1.0018425912630482,0.009950620281096221
2025-03-12 00:00:00+05:30,1673.1436941916788,1699.8003934086098,1673.1436941916788,1692.5303955078125,9392053,53.93199023591356,1681.7613159179687,,1679.417260479843,1682.1289024113387,-1.6652009087233637,,,1711.9056474030353,1681.7613159179687,1651.616984432902,60.28866297013337,0.6786252847434812,28.575932245976073,61.07381917548124,41.02092354624403,10927224.45,0.8595094795549844,0.015218083715971664,1.0159321039247673,1.0115869912329913,0.010399442038195844
2025-03-13 00:00:00+05:30,1697.3770284077002,1702.075341775916,1681.5511307463416,1688.02978515625,7868132,52.3212479750165,1681.751416015625,,1680.752776137876,1682.618558399316,-0.8497178842981157,,,1711.8873751033589,1681.751416015625,1651.615456927891,60.27191817546782,0.6041674021780262,28.000809301947385,55.52151356491769,48.78984436963907,10750391.8,0.7318925808824939,-0.0026591016406604107,1.012205523016398,0.9944931249245085,0.010397494567846876
2025-03-17 00:00:00+05:30,1686.4473093252682,1705.2405637986876,1686.4473093252682,1691.78857421875,9475326,53.568498113823246,1682.3795104980468,,1682.4619746401472,1683.3727704079836,0.09872313280743583,,,1712.8010830183307,1682.3795104980468,1651.9579379777629,60.84314504056783,0.6546445982440523,27.343126814195386,60.15865030202672,58.91799434747522,10909097.25,0.86857104514308,0.002226731480423627,1.0111436950146628,1.0031671697443183,0.01032889530556605
2025-03-18 00:00:00+05:30,1691.78857421875,1691.78857421875,1691.78857421875,1691.78857421875,0,53.568498113823246,1683.1485534667968,,1683.9049680443932,1684.0593385724867,0.8406786518182798,,,1713.7047311336528,1683.1485534667968,1652.5923757999408,61.112355333712,0.6413792792762323,25.390046327467143,55.273972299150486,56.98471205536496,10410099.95,0.0,0.0,1.0,1.0,0.010317727348363961
2025-03-19 00:00:00+05:30,1716.1208705382062,1731.9467690561378,1713.3512900007588,1725.121826171875,7610703,63.41230042277463,1684.471502685547,,1690.2764051192532,1687.3842903629347,4.071465283750513,,,1719.5555690249,1684.471502685547,1649.387436346194,70.16813267870612,1.0793274230691359,26.44491407817576,91.47619230589909,68.96960496902544,10467161.45,0.7271028574800478,0.01970296552482509,1.0108532786964959,1.0052449427008285,0.01082403195816597
2025-03-20 00:00:00+05:30,1734.9140405532244,1754.6964127374117,1730.2652313867475,1749.5035400390625,8916989,68.64812305566589,1686.7316345214845,,1699.4251860388447,1692.3798072499,8.501289930268058,,,1731.2024235610759,1686.7316345214845,1642.260845481893,88.94157807918282,1.2057655921249062,26.66846211298726,94.94949218749397,80.56655226418118,10504238.15,0.8488944055404912,0.01413332872918982,1.0141199053806818,1.0084093500570126,0.011217923275065636
2025-03-21 00:00:00+05:30,1736.4472980343926,1754.7953765860927,1736.4472980343926,1751.086181640625,16754132,68.95864586790843,1688.8656616210938,,1707.4002592812687,1697.0711048439766,12.001320081022868,3.6995063357209483,8.30181374530192,1740.7673363386755,1688.8656616210938,1636.963986903512,103.80334943516345,1.0994076333576768,26.074149001466754,96.39596317419844,94.27388255586384,11044841.95,1.5169191262171027,0.0009046232633100892,1.0105664471202032,1.0084303644704928,0.011215632901075426
2025-03-24 00:00:00+05:30,1759.6420825195312,1784.765720437467,1754.3503218778967,1780.41357421875,8696868,74.08153345885447,1694.449237060547,,1718.6656210284527,1703.6924529448138,16.94624886541328,6.348854841659415,10.597394023753866,1758.980553606857,1694.449237060547,1629.9179205142368,129.06263309262022,1.166066816539469,26.617391129707848,96.72495490056149,96.02347008741798,10819922.6,0.8037828292782797,0.016748114904685973,1.017337129409258,1.0118043844856661,0.010126006534856357
2025-03-25 00:00:00+05:30,1785.2602856480926,1823.6380170403143,1781.8972580706343,1801.630126953125,19550708,77.03436504087281,1700.8265808105468,,1731.4606676496792,1711.4317667115602,22.31984971102065,9.543053815531664,12.776795895488988,1779.6694798169333,1700.8265808105468,1621.9836818041604,157.68579801277292,1.1392683894995594,27.80360910769759,87.18686812359346,93.43592873278446,11405434.5,1.7141572291700067,0.011916642875341443,1.0234248965705661,1.0091694423701862,0.01030776775989026
2025-03-26 00:00:00+05:30,1805.1415246629256,1807.6143212720528,1782.3917958589545,1786.892333984375,12239221,70.98463441006736,1707.2286560058594,,1740.0062917103735,1717.3655107777315,25.099914185587522,12.654425889542836,12.445488296044687,1791.9713636595038,1707.2286560058594,1622.485948352215,169.4854153072888,0.9700326446029578,27.619245986654786,78.60643246494335,87.50608516303276,11500054.4,1.0642750524727953,-0.008180254508551199,1.0141509433962264,0.9898904377140412,0.010249477669127375
2025-03-27 00:00:00+05:30,1780.4135377238968,1820.967401638719,1778.534188174562,1805.4876708984375,20829050,73.78233843063867,1714.3008544921875,,1750.0980120459678,1724.2634308372249,28.475377169511376,15.818616145536545,12.65676102397483,1806.7088696828637,1714.3008544921875,1621.8928393015112,184.81603038135245,0.9933923546463673,28.677386520762088,89.4327544441133,85.07535167755003,11938039.2,1.744763076335015,0.010406523415207092,1.023858531225486,1.0140833197699652,0.010354018462438866
2025-03-28 00:00:00+05:30,1809.0979838299897,1816.021814276578,1786.199863276083,1808.306640625,14386824,74.18864658753334,1720.6064880371093,,1759.0664670048836,1730.8145313151415,31.020340030607485,18.858960922550736,12.16137910805675,1820.3132800288681,1720.6064880371093,1620.8996960453505,199.41358398351758,0.9397902632106521,28.759141126457287,91.07397632948924,86.37105441284864,11762710.4,1.2230874952085873,0.0015613342433735689,1.0166957525938884,0.9995625758184118,0.01024273530302981
2025-04-01 00:00:00+05:30,1782.3918297924758,1790.2058913744881,1746.1406066641075,1748.6134033203125,14255503,54.81602052085553,1722.3596984863282,,1757.4562857005942,1732.196583427069,27.898894965501086,20.666947731140805,7.23194723436028,1822.739306792149,1722.3596984863282,1621.9800901805074,200.75921661164148,0.6307721024074864,31.145347757488373,56.320198539595005,78.94230977106585,11112567.35,1.2828271407506926,-0.03301057241268324,1.0252358169452143,0.9810488210798766,0.012526683462408863
2025-04-02 00:00:00+05:30,1751.4323094930462,1779.6221904423942,1751.4323094930462,1777.3472900390625,5786782,60.20310911613027,1727.0753173828125,,1760.5196882942444,1735.6899727800878,27.427544126067687,22.019067010126186,5.408477115941501,1828.478260128859,1727.0753173828125,1625.672374636766,202.80588549209278,0.7478822176894371,31.135593426387896,69.2408815661371,72.21168547840712,10871772.35,0.5322758620860931,0.01643238389010926,1.0160953299745323,1.0147964499715763,0.012142142181090563
2025-04-03 00:00:00+05:30,1761.7191986768298,1784.370039849937,1757.66383637103,1775.319580078125,5625019,59.662519903560586,1731.2716552734375,,1762.798639316013,1738.7461068454782,26.583932911666807,22.93204019043431,3.651892721232496,1833.3646201428837,1731.2716552734375,1629.1786904039914,204.18592973889236,0.7157245842601143,30.81920843013927,65.9937393080596,63.8516064712639,10654999.35,0.5279229791787834,-0.00114086311229189,1.0151941474395048,1.007719948452347,0.012161585607049623
2025-04-04 00:00:00+05:30,1793.2721320866171,1821.907069020865,1791.3927824826333,1797.525390625,16770227,63.52518480895956,1737.567401123047,,1768.1452752804375,1743.2652615711504,27.39143684245164,23.823919520837777,3.567517321613863,1839.6969658106452,1737.567401123047,1635.4378364354486,204.2591293751966,0.7935388478613277,31.945514181039325,80.96618433549314,72.06693506989662,10953913.9,1.5309803557977573,0.012508063785280799,1.0170338335827964,1.0023717864468422,0.011876043455509057
2025-04-07 00:00:00+05:30,1743.6183319674699,1760.4827318030539,1719.285917596287,1738.57373046875,18997725,49.87162537047376,1740.856219482422,,1763.5928826257407,1742.9055709361953,23.009246954192577,23.66098500750874,-0.6517380533161621,1838.5718971284336,1740.856219482422,1643.1405418364102,195.43135529202345,0.48832076352199827,35.25222552730174,35.483772436805616,60.814565360119445,11079647.95,1.7146505995255925,-0.032796009705182816,1.0239615841583602,0.9971068201072263,0.014413082275564797
2025-04-08 00:00:00+05:30,1745.7944254270562,1762.6094425558153,1731.254429500762,1749.8992919921875,17781936,52.00583359007466,1744.8077514648437,,1761.485030703012,1743.4403787423912,20.217157254956874,22.972219456998367,-2.7550622020414934,1837.1256736634732,1744.8077514648437,1652.4898292662142,184.635844397259,0.5275761217653325,34.973853207855434,33.139075727871024,49.86301083338992,11634421.9,1.5283901643621844,0.006514283130450771,1.0181111525381599,1.0023512886198656,0.014425929828868266
2025-04-09 00:00:00+05:30,1745.79443359375,1755.6856201863493,1734.419569012261,1745.79443359375,11227304,51.155732462178385,1748.6405883789062,,1759.0699819902065,1743.6199624125125,17.471774544227856,21.872130474444266,-4.40035593021641,1834.1908042321577,1748.6405883789062,1663.0903725256546,171.10043170650306,0.4833655896903971,33.99472449115778,25.402954170252972,31.341934111643198,11805685.85,0.9510081957669575,-0.002345768363483547,1.0122611919019104,1.0,0.014445372600473705
2025-04-11 00:00:00+05:30,1755.4382916750444,1799.6024627305007,1755.4382916750444,1787.090087890625,16387883,58.50444073692817,1754.6371215820313,,1763.3824457148246,1746.9288436494817,18.415965360994505,21.180897451754312,-2.7649320907598067,1833.0134098198857,1754.6371215820313,1676.260833344177,156.7525764757088,0.7070330647076971,35.409960537271566,64.97633555586206,41.172788484662014,12127619.25,1.3512860737279495,0.023654362450834077,1.0251584867807086,1.0180307085505,0.015175024492847035
2025-04-15 00:00:00+05:30,1844.7063095930612,1856.3779581328727,1834.8151229464497,1844.607421875,24649172,66.14462903594936,1762.2409729003907,,1775.8827120058647,1754.3488219291664,23.534124804667954,21.651542922337043,1.8825818823309106,1844.4544160875369,1762.2409729003907,1680.0275297132446,164.42688637429228,1.000930539955095,37.82981123048415,91.41413592517688,60.597808550430635,12890475.2,1.9122004129064227,0.032184910192336824,1.0117520478857815,0.9999463937877011,0.016292422516932775
2025-04-16 00:00:00+05:30,1863.3017557861801,1863.3017557861801,1840.255243010922,1857.5648193359375,9568410,67.59225055078402,1770.717724609375,,1788.4526923450649,1762.1746562818016,28.30952217417689,22.983138772705015,5.326383401471876,1855.4968259558584,1770.717724609375,1685.9386232628915,169.55820269296692,1.0121963629434299,36.77386134082514,96.01645449392993,84.1356419916563,12975489.1,0.7374219134444805,0.007024474317557816,1.0125235414287155,0.9969210910511797,0.016214107517279825
2025-04-17 00:00:00+05:30,1861.5213318628812,1898.811057323367,1856.2789546293693,1885.9525146484375,17851542,70.5620806298038,1780.4259216308594,1723.9131103515624,1803.456202206261,1771.5431339855168,33.99286022736305,25.185083063636622,8.807777163726431,1871.0920612766922,1780.4259216308594,1689.7597819850266,181.3322792916656,1.0819515059855551,37.18516429462319,92.83746961875225,93.42268667928636,13394299.9,1.3327715620284117,0.015282209814163172,1.0229125598757272,1.0131243098681588,0.016362004578548233
2025-04-21 00:00:00+05:30,1903.0642495507163,1929.473668750272,1889.2165886911998,1906.1304931640625,17123649,72.49172920580338,1791.143017578125,1728.5847192382812,1819.2553987133008,1781.7133471084167,39.66787425059465,28.081641301028228,11.586232949566423,1887.8380861479557,1791.143017578125,1694.4479490082942,193.39013713966142,1.094588107163379,37.63773499513828,88.89413133826807,92.58268515031675,14250482.35,1.201618905201479,0.010699091498274749,1.0213088749590968,1.001611213922005,0.016345029887499803
2025-04-22 00:00:00+05:30,1913.9445842957227,1949.1571840237666,1913.9445842957227,1940.35400390625,22980875,75.43311984386433,1801.9046264648437,1734.1969775390626,1837.889098675256,1793.6833120480671,46.39213539067305,31.74374011895719,14.648395271715856,1913.563533533038,1801.9046264648437,1690.2457193966493,223.31781413638873,1.1199656663164812,38.02266041403584,96.17038690640622,92.63399595447551,15018990.95,1.5301211031091273,0.017954442712565077,1.0183979201994509,1.0137984243782299,0.016273014885748678
2025-04-23 00:00:00+05:30,1957.3668559844475,1957.3668559844475,1899.6023045839213,1902.96533203125,15285321,67.00386071140707,1809.5777160644532,1738.2127978515625,1847.9022570474904,1801.9176465439336,48.1491737367096,35.02482684250768,13.12434689420192,1926.7343837442938,1809.5777160644532,1692.4210483846125,234.31333535968133,0.8985586898989028,39.43279548449944,77.14998759602385,87.4048352802327,15337407.55,0.9966039534497471,-0.019268995141984657,1.0304087604342944,0.9722067818881931,0.017090320576366648
2025-04-24 00:00:00+05:30,1889.216572012503,1902.9653450357623,1884.3698666060566,1895.942626953125,12965877,65.52281334963374,1816.820538330078,1741.7538427734376,1855.29397651174,1808.9933484647636,48.41684640914764,37.703230755835676,10.713615653311962,1936.5008563906085,1816.820538330078,1697.1402202695476,239.3606361210609,0.8305559757245528,37.94441569487132,74.20027430706017,82.50688293649675,15147994.8,0.8559467554081811,-0.003690400954718842,1.0098682741425908,1.003560234988547,0.0171698118177593
2025-04-25 00:00:00+05:30,1903.8555520955367,1911.9662764146635,1871.2146379094613,1890.4034423828125,9250439,64.3152520528212,1822.3200317382812,1745.0644213867188,1860.695985218571,1815.1125202983676,47.63293025904818,39.689170656478176,7.943759602570005,1944.8769416482833,1822.3200317382812,1699.763121828279,245.1138198200042,0.7777624317328472,38.144931609894954,71.87367705496031,74.40797965268143,15175673.35,0.6095570711529581,-0.0029215992570483795,1.0217781742829515,0.9929342802830196,0.016970752602466815
2025-04-28 00:00:00+05:30,1890.403474336422,1908.7021689621622,1887.6340146220625,1899.3055419921875,6960246,65.41829973738578,1827.2038024902345,1748.772626953125,1866.6364310518645,1821.433975435916,47.18606452329027,41.18854942984059,5.997515093449678,1953.7918375704303,1827.2038024902345,1700.6157674100386,253.17607016039165,0.7847889196489829,36.92516180490958,75.6127834570282,73.89557827301623,14546150.25,0.4784940262802524,0.004709100401422361,1.0111611436204797,1.0047090834187609,0.016850654010398015
2025-04-29 00:00:00+05:30,1897.920849248915,1907.8120354118923,1879.523146392162,1888.0296630859375,9459154,62.771525059267915,1832.2606689453125,1752.5916137695312,1869.9279385129703,1826.429132749742,45.39872280020904,42.030584103914286,3.368138696294757,1960.0777147448018,1832.2606689453125,1704.4436231458233,255.63409159897856,0.7181594551485393,36.30828517739677,70.87662986884546,72.78769679361132,14407146.9,0.6565598355910427,-0.005936843049708984,1.0150510990375576,0.9947884095551762,0.01678118624432473
2025-04-30 00:00:00+05:30,1892.1839212789164,1915.8238804605487,1889.5133493000037,1904.0533447265625,15968435,64.9422196419539,1837.1889526367188,1757.014951171875,1875.1783262838667,1832.2460809461902,44.75926189106144,42.57631966134372,2.1829422297177246,1968.0611202302127,1837.1889526367188,1706.3167850432249,261.7443351869879,0.7554568833059037,35.7001374771978,76.42168009650204,74.30369780745856,14164116.15,1.1273866177664746,0.008486986170775923,1.0139245013380256,1.0062728698379508,0.01674138236442708
2025-05-02 00:00:00+05:30,1908.8012442034942,1920.7695558776984,1899.1078330090343,1900.9871826171875,8920202,64.1711724867749,1841.822979736328,1761.2701391601563,1879.149127721856,1837.392910084332,43.5035885672944,42.76177344253385,0.7418151247605493,1974.822350645666,1841.822979736328,1708.8236088269903,265.9987418186756,0.722422867402847,34.697393576588254,74.7116575702966,74.00332251188136,13890785.05,0.6421668730666882,-0.0016103341420905526,1.0114062627156575,0.9959062989873693,0.016768683275326372
2025-05-05 00:00:00+05:30,1917.900988235039,1930.7595301881363,1911.2739418329422,1915.7249755859375,7534012,66.2456358293909,1850.1785583496094,1766.0001049804687,1884.7764308484304,1843.2531602833592,43.199695931453334,42.84935794031775,0.35033799113558217,1979.6554514904676,1850.1785583496094,1720.7016652087511,258.9537862817165,0.7531201345904246,34.34560457618544,79.37791488741303,76.83708418473722,13554710.5,0.555822420552619,0.007752705070036114,1.010195078752817,0.9988654197153817,0.014536650547221704
2025-05-06 00:00:00+05:30,1908.998966538313,1918.9890406085808,1903.3610386127025,1910.680419921875,8745078,64.86132337984071,1856.84521484375,1770.6855590820312,1888.7618095185012,1848.293865880347,42.066884486508116,42.69286324955583,-0.625978763047712,1984.3509203794754,1856.84521484375,1729.3395093080246,255.01141107145077,0.711109004306639,33.00863296330636,61.904711663198476,71.99809470696935,13702625.3,0.638204563617455,-0.0026332358393561517,1.0082107396751534,1.0008808037159973,0.014348949061329884
2025-05-07 00:00:00+05:30,1912.9554471587564,1927.4954428501762,1901.4816950987627,1924.42919921875,10710389,66.89197768546063,1864.3006958007813,1775.2008862304688,1894.2492745147338,1853.9816786462695,41.796728175985436,42.51363623484175,-0.7169080588563119,1989.279099227025,1864.3006958007813,1739.3222923745377,249.95680685248726,0.7405555750816327,32.50899830531402,71.87498666494889,71.05253773852013,13956893.8,0.7673905923107331,0.0071957503481598906,1.0136807773740164,1.0059979191240627,0.014321331494101456
2025-05-08 00:00:00+05:30,1933.529126793494,1933.529126793494,1898.2175196120784,1907.5152587890625,17401715,62.134785080154714,1869.8001892089844,1779.2651733398438,1896.2902500184243,1857.9784629024855,39.75949105311088,41.962807198495575,-2.2033161453846972,1992.194368100692,1869.8001892089844,1747.406010317277,244.788357783415,0.6540721540909548,32.709184653607,50.68490241945191,61.48820024919974,13988468.2,1.244004329223124,-0.008789068694527113,1.0186025083092858,0.9865459135608823,0.014457359672486155
2025-05-09 00:00:00+05:30,1889.3154956352294,1898.1186757053522,1866.2691037011123,1869.137451171875,8594398,52.9356860707064,1876.3283752441407,1782.4798095703125,1892.1128013617945,1858.811098769601,34.648787958284174,40.5000033504533,-5.851215392169124,1982.9392439423066,1876.3283752441407,1769.7175065459749,213.22173739633172,0.46627490161146473,33.31896825606008,3.1486479071860076,41.90284566386226,13468301.85,0.6381203878349371,-0.02011926638088901,1.017065905415825,0.9893199179755999,0.013007168900987628
2025-05-12 00:00:00+05:30,1896.7338801021149,1938.5736468750379,1891.4916237548123,1935.9029541015625,9309486,63.15544137996217,1885.6285583496094,1787.82302734375,1898.8498775589574,1864.5602485649936,35.57584089025181,39.515170858413,-3.9393299681611893,1978.0020782144418,1885.6285583496094,1793.255038484777,184.74703972966472,0.7721255822313484,35.89877021656742,76.43860430702256,43.424051544553485,13044679.35,0.7136615435472548,0.03571995354746549,1.0248914785182939,1.0206508010482414,0.014848062110829653
2025-05-13 00:00:00+05:30,1928.7813178197073,1940.3539574298177,1899.1077590840193,1901.679443359375,12121051,56.39539708679259,1893.4228088378907,1792.374951171875,1899.285202461521,1867.3270375597292,33.16666109523453,38.24546890577731,-5.078807810542777,1959.9861283328962,1893.4228088378907,1826.8594893428851,133.1266389900111,0.5620209041866058,36.280729368655344,38.87070621471353,39.48598614297402,13089366.7,0.9260227234675915,-0.017678319395958764,1.021718724568685,0.9859487054286858,0.01563154635602831
2025-05-14 00:00:00+05:30,1901.1849230088733,1909.196759883295,1882.292781041725,1889.81005859375,7722654,54.22746149837824,1898.5588073730469,1796.9941357421876,1897.8274679393992,1869.00209901001,29.95431391162151,36.58723790694615,-6.632923995324639,1944.016947045026,1898.5588073730469,1853.1006677010678,90.9162793439582,0.4037713724931676,35.61096147386353,31.775664940695417,49.02832515414383,12656105.25,0.6101919861957532,-0.006241527617639631,1.0142931955711376,0.9940169605399978,0.015114354658042794
2025-05-15 00:00:00+05:30,1892.67853357186,1923.637995561274,1876.3580758744806,1912.7576904296875,16120729,57.61951712007258,1901.9663208007812,1801.9684155273437,1900.124452019558,1872.2606402572308,28.926738299844374,35.055137985525796,-6.128399685681423,1940.413285934272,1901.9663208007812,1863.5193556672905,76.89393026698144,0.6403409812899127,36.44445848907281,62.750460301661434,44.465610485690114,12229683.1,1.3181640822729086,0.01214282447676962,1.0251977062878888,1.01060885750098,0.013665959957354258
2025-05-16 00:00:00+05:30,1912.7577169462224,1922.648903566604,1907.4164520228114,1913.6478271484375,7934005,57.750310275207106,1904.7704711914062,1806.5974926757813,1902.204991790279,1875.341578830136,27.86301631034803,33.61671365049024,-5.75369734014221,1937.6293960363619,1904.7704711914062,1871.9115463464505,65.71784968991142,0.6350828732059707,34.92931513583851,63.95197002186636,52.82603175474106,12147962.85,0.6531140322017037,0.0004653682602890896,1.0079859076016875,1.000465354390851,0.013615217364929487
2025-05-19 00:00:00+05:30,1915.9227946653505,1923.8357437398588,1909.9880828594692,1917.604248046875,5101482,58.365351843186644,1906.3530578613281,1810.67859375,1904.5741279091158,1878.4865332986308,27.027700563349526,32.2989110330621,-5.271210469712571,1938.4748368855319,1906.3530578613281,1874.2312788371244,64.24355804840752,0.6751333600961065,33.42348268902073,69.29236107254683,65.33159713202487,11510459.85,0.4432040132610341,0.0020674759704000234,1.0072501294665976,1.0008776206359704,0.013230262568756798
2025-05-20 00:00:00+05:30,1907.1196725646596,1913.5489438828665,1892.1840048815375,1894.0633544921875,11939545,53.385573656621524,1905.7497009277345,1814.8991625976562,1902.9570744260006,1879.645279874712,24.187336881841475,30.676596202817976,-6.489259320976501,1938.3157873382002,1905.7497009277345,1873.1836145172688,65.13217282093137,0.3205749028567437,32.851822723043355,37.51677892603557,56.920370006816235,11251254.65,1.061174541987635,-0.01227620014852615,1.011291152946125,0.9931539072978498,0.013333086382014163
2025-05-21 00:00:00+05:30,1906.0316377377942,1925.715123012811,1900.1958135568764,1905.8338623046875,7566020,55.433076374117945,1904.0236938476562,1819.1879833984376,1903.3996598211013,1881.5928127772722,22.625299442547657,29.066336850763914,-6.441037408216257,1932.469140619217,1904.0236938476562,1875.5782470760955,56.890893543121365,0.5318182461953994,32.76610456572766,53.40465238476296,53.40459746111511,10480511.9,0.7219132111285518,0.006214421383837987,1.0134298314278287,0.9998962370670083,0.012735227339377044
2025-05-22 00:00:00+05:30,1894.3599810550002,1903.2620488621046,1884.468794602662,1899.0089111328125,10653335,53.95324992623333,1903.8258728027345,1823.7359521484375,1902.724156607604,1882.8875959232512,20.599202216369804,27.372909923885093,-6.773707707515289,1932.3529212402957,1903.8258728027345,1875.2988243651732,57.05409687512247,0.4155720284125236,31.951744789748936,44.19230893212204,45.03791341430684,10248912.6,1.039460030130416,-0.003581084010975455,1.0099727065331454,1.0024540901013035,0.01200110632181923
2025-05-23 00:00:00+05:30,1899.206712559703,1915.9228420413544,1893.6676722189848,1912.559814453125,4783036,56.43973414258468,1904.6567321777343,1828.531201171875,1904.2373412112347,1885.0929532055493,19.8580391021369,25.869935759535455,-6.011896657398555,1933.1849360763374,1904.6567321777343,1876.1285282791312,57.05640779720625,0.63851349183216,31.259132292078988,62.48336660220282,53.360109306362595,9839770.55,0.48609222905101174,0.00713577658370701,1.0117524157743536,1.0070308838975328,0.012071557478161214
2025-05-26 00:00:00+05:30,1913.9445221181825,1928.6824136462042,1905.932685476324,1919.087890625,5401430,57.626812820987766,1906.0909545898437,1833.4955859375,1906.5220493915244,1887.6189608901443,19.57181152376097,24.610310912380562,-5.0384993886195915,1934.4925541011582,1906.0909545898437,1877.6893550785292,56.80319902262909,0.7288064098287601,30.651317711921934,71.29498712018406,59.323554218169626,9647320.1,0.5598891654895954,0.003413266410045024,1.0119362705426265,1.0026873132671188,0.012060015661037085
2025-05-27 00:00:00+05:30,1910.581489604547,1926.8030590136404,1895.4480472638704,1905.3392333984375,13081074,54.27231812598954,1906.3926391601562,1838.2196166992187,1906.3400771428965,1888.9353684340526,18.027759579338635,23.29380064577218,-5.266041066433544,1934.6272181831748,1906.3926391601562,1878.1580601371377,56.46915804603714,0.4813454671865313,30.701581571768227,52.7370005215882,62.17178474799169,9953361.5,1.3142368033151413,-0.00716416235740247,1.0165422691458263,0.9972561985790019,0.012150489325476549
2025-05-28 00:00:00+05:30,1899.305562342874,1913.4500071776201,1896.8327657453326,1902.5697021484375,9078797,53.59551612348816,1907.1196411132812,1842.927822265625,1905.7600179480535,1889.948021990401,16.39165645103799,21.913371806825346,-5.521715355787357,1934.1485241213957,1907.1196411132812,1880.0907581051667,54.057766016228925,0.41583190908263307,29.695557276091034,48.998677354828814,57.67688833220035,9934343.65,0.913879901869511,-0.001453563334787411,1.0087605200270557,1.0017185964545574,0.012071865486659093
2025-05-29 00:00:00+05:30,1907.0206823524643,1919.6814488723585,1886.5459753978732,1906.526123046875,14458897,54.46903248257424,1907.2432800292968,1847.2077368164062,1905.8778805294273,1891.1790719210942,15.238621690552009,20.57842178357068,-5.33980009301867,1934.2375273492892,1907.2432800292968,1880.2490327093044,53.988494639984765,0.4867164849250928,29.941265575976335,47.14060723783944,49.62542837141881,9858866.75,1.4665881349902614,0.002079514297935958,1.017564095392638,0.9997406639004149,0.011931622693060669
2025-05-30 00:00:00+05:30,1910.8782744249904,1927.5944031490317,1904.4490034343605,1923.73681640625,14374039,58.1587749181304,1908.38076171875,1851.9218774414062,1908.625414224337,1893.5962881455569,15.53452017535733,19.56964146192801,-4.035121286570682,1936.1313207667251,1908.38076171875,1880.6302026707747,55.50111809595046,0.7766800960829745,29.45584658588311,74.03404622342941,56.72444360536588,10131558.6,1.4187391661535669,0.009027252840296818,1.0121533313167914,1.0067291266813574,0.012085964784110935
2025-06-02 00:00:00+05:30,1909.0978125768493,1914.9336365473755,1887.2383153576409,1911.0760498046875,7334411,54.65022662677914,1908.1483154296875,1856.307626953125,1909.0024356748402,1894.8938346076882,14.579342220303943,18.571581613603197,-3.992239393299254,1935.72625629687,1908.1483154296875,1880.570374562505,55.15588173436481,0.5530810909541833,29.958893333220683,66.35148271091684,62.50871205739522,10121578.55,0.7246311396753424,-0.006581340281886505,1.0146750524109014,1.0010362157532244,0.01206846540437936
2025-06-03 00:00:00+05:30,1916.9119287991246,1930.7595897914816,1899.1077932375229,1903.65771484375,12188792,52.64616945976861,1907.7971801757812,1860.545009765625,1908.180169839129,1895.54428704098,13.073061065241063,17.47187750393077,-4.398816438689707,1935.4160220541128,1907.7971801757812,1880.1783382974497,55.237683756663046,0.42506084523263654,30.079814991844835,50.18176334379175,63.522430759379326,10293764.25,1.1840947299720799,-0.0038817581130251577,1.0166666666666666,0.993085642717202,0.0120857323392972
2025-06-04 00:00:00+05:30,1900.0968784409308,1922.154272073102,1899.9979907268444,1920.0770263671875,6480771,56.45256491444527,1907.579571533203,1864.4441137695312,1910.0104575164478,1897.3648341416488,13.05374813291337,16.58825162972729,-3.534503496813919,1934.7355124232324,1907.579571533203,1880.4236306431737,54.311881780058684,0.7301053549312486,29.51384830287432,76.92292089448868,64.48538898306575,10082283.35,0.642788024797974,0.008625138540089505,1.0116612130404317,1.0105153311670354,0.012135366020816375
2025-06-05 00:00:00+05:30,1926.8030544877777,1937.5844714975349,1919.0878810241302,1928.3856201171875,11127709,58.28007416235102,1908.6230895996093,1868.0217553710938,1912.837408298006,1899.6665416323674,13.552650059062216,15.981131315594274,-2.4284812565320575,1937.2529151337112,1908.6230895996093,1879.9932640655074,57.259651068203766,0.8451388569245454,28.726901315055063,82.68147575610521,69.92871999812854,9768583.05,1.1391323534890763,0.00432721897918853,1.0096382196231337,1.0008213427032533,0.01199144074626737
2025-06-06 00:00:00+05:30,1922.8465778422667,1974.5775294421348,1921.560675352458,1957.1689453125,15063504,63.92773422392319,1913.0246643066407,1872.1434106445313,1919.6576502514129,1903.9326230039699,16.085187195596063,16.001942491594633,0.08324470400143014,1943.0527905131994,1913.0246643066407,1882.996538100082,60.05625241311736,1.23504887887772,30.46189794181376,80.6804699226463,80.09495552441338,10092038.35,1.4926126395466979,0.014926125197699536,1.0275905178377738,1.0178497691213348,0.011345749737156038
2025-06-09 00:00:00+05:30,1973.291729660865,1973.291729660865,1954.3995873749227,1957.366943359375,6601294,63.9638725273635,1914.0978637695312,1875.6824780273437,1925.4590839115267,1907.8964368319212,17.901856452225502,16.381925283720808,1.5199311685046943,1948.5310693806625,1914.0978637695312,1879.6646581583998,68.86641122226274,1.128304551114115,29.635486823537228,80.90020227959009,81.42071598611385,9956628.75,0.663004935279926,0.0001011655367562092,1.0096664686218633,0.9919298367990288,0.00819140536044741
2025-06-10 00:00:00+05:30,1961.2244932411922,1961.2244932411922,1939.7605462472134,1943.9149169921875,7766563,59.595503507654136,1916.2096374511718,1878.528173828125,1928.298444483314,1910.5680396113025,18.0480669407807,16.715153615132788,1.3329133256479118,1952.4694664056558,1916.2096374511718,1879.9498084966879,72.51965790896793,0.8820381995705688,29.0518054071402,65.97154259842594,75.85073826688743,9738904.35,0.7974781064566057,-0.006872511264597203,1.0110652559850772,0.9911740974535769,0.007222573154195815
2025-06-11 00:00:00+05:30,1946.1897941086554,1946.1897941086554,1925.8139744594912,1929.177001953125,5548197,55.15149500829663,1918.1779846191407,1881.3738671875,1928.433607236887,1911.9481875801312,16.7812692071509,16.72837673353641,0.05289247361448801,1952.7253519453102,1918.1779846191407,1883.6306172929712,69.09473465233896,0.6591874893119942,28.432092138713347,48.42698395829432,65.0995762787701,9630181.5,0.576125901676931,-0.0075815638381264705,1.0105803675325822,0.9912584105583997,0.007300291529662284
2025-06-12 00:00:00+05:30,1928.7813326517733,1939.6616376051934,1914.2413370562833,1922.253173828125,8174565,53.14642136912992,1918.6527587890625,1883.7091772460938,1927.4827709355206,1912.7123947186328,15.045196155649819,16.391740617959094,-1.346544462309275,1953.15006973814,1918.6527587890625,1884.155447839985,68.99462189815495,0.552183995505869,28.216964168013114,40.56181765494956,51.6534480705566,9232873.3,0.8853760616426957,-0.0035890061502860116,1.01327956932954,0.9966153971354166,0.006878248622514034
2025-06-13 00:00:00+05:30,1899.107795611669,1911.9663379777896,1892.1839651068349,1896.73388671875,6058881,46.444298460792275,1917.807061767578,1885.4777221679688,1922.7521717121024,1911.5275456515817,11.477843127593133,15.408961119885902,-3.9311179922927693,1953.560119977055,1917.807061767578,1882.0540035581012,71.50611641895375,0.20529548933463995,28.349267350390043,11.573022232180929,33.520607948474925,9139117.1,0.6629613050914951,-0.013275715944614075,1.0104547830632513,0.9987499872843425,0.0075145657459650015
2025-06-16 00:00:00+05:30,1903.0642334934973,1917.8021251466066,1899.2066467096336,1914.3402099609375,8256873,51.03239010883273,1917.6438598632812,1888.7922583007812,1921.4580233680674,1911.7360958346462,9.956599810087027,14.318488857926127,-4.3618890478390995,1953.4289156476832,1917.6438598632812,1881.8588040788793,71.5701115688039,0.4538403695351545,27.829193855923368,31.573036355906577,27.902625414345675,9296886.65,0.8881331257276327,0.009282442500484711,1.0097911822650736,1.0059251686143775,0.007807583090689934
2025-06-17 00:00:00+05:30,1915.9227734456326,1920.4726949646783,1898.2175259391095,1908.603271484375,8489368,49.54301194422549,1918.3708557128907,1891.4173779296875,1919.480368737759,1911.5038236973587,8.193629471345275,13.093516980609959,-4.899887509264683,1952.7742643603995,1918.3708557128907,1883.967447065382,68.80681729501748,0.35804336528695946,27.43104922518376,25.05612484747403,22.734061145187166,9124377.8,0.930405139515376,-0.0029968228461750845,1.011724245889342,0.9961796466628485,0.007302569045888284
2025-06-18 00:00:00+05:30,1896.1404381717568,1915.230476273842,1896.1404381717568,1912.8565673828125,9216908,50.69197682179737,1918.721990966797,1894.1681176757813,1918.461322159917,1911.6041113176511,7.058304468829419,11.886474478253852,-4.828170009424433,1952.7476809247585,1918.721990966797,1884.6963010088355,68.05137991592301,0.4138088957015838,26.835262716391004,29.33190124700221,28.653687483460924,9206922.2,1.0010845969785647,0.002228486119658424,1.0100678397642802,1.0088158708471895,0.007189268172005455
2025-06-19 00:00:00+05:30,1912.8565427773563,1925.6161972532404,1904.6468098512394,1914.2413330078125,8438110,51.082534105629534,1919.4836120605469,1896.5024365234376,1917.8120929433987,1911.799613387276,6.1988339387237374,10.748946370347829,-4.5501124316240915,1952.373146356344,1919.4836120605469,1886.5940777647497,65.7790685915943,0.42030475400491957,26.41627162250601,30.917403978524785,28.435143357667,9096160.95,0.9276561888452514,0.0007239254885140767,1.0110095936388537,1.000723938361026,0.007134071372128242
2025-06-20 00:00:00+05:30,1910.5814871475898,1948.4647782910715,1910.5814871475898,1943.3212890625,16450204,58.513947457131636,1921.0216857910157,1900.5973876953126,1921.7365852483504,1914.1362379315995,7.774586183730207,10.154074333024305,-2.3794881492940974,1955.3191777882619,1921.0216857910157,1886.7241937937695,68.5949839944924,0.825090873601994,27.235344445432847,62.064706592328236,40.771337272618396,9679519.35,1.699485625802277,0.01519137402022075,1.0198281472935444,1.0171360405903385,0.007735061017518174
2025-06-23 00:00:00+05:30,1927.19873046875,1936.5953572959124,1920.6705717688092,1927.19873046875,5869759,53.64781005811806,1921.427227783203,1904.1433764648436,1922.5769153899384,1915.104476705397,7.634420605430478,9.65014358750554,-2.0157229820750615,1955.8153560182898,1921.427227783203,1887.0390995481164,68.7762564701734,0.5839170810067262,26.907871077451272,42.49696641284119,45.15969232789806,9702935.8,0.604946700770709,-0.008296393748420172,1.0082912633541512,1.0,0.00796859496052534
2025-06-24 00:00:00+05:30,1943.6181063719282,1957.4657671806851,1934.3203671090732,1939.562744140625,11312661,56.6267203725575,1923.1384033203126,1908.0187426757811,1925.1901200964621,1916.9173214113387,8.423905409870258,9.404895951978483,-0.9809905421082252,1957.5599889125363,1923.1384033203126,1888.716817728089,68.84317118444733,0.7385761802911094,27.147811479914402,57.50300938673141,54.02156079730026,9614515.15,1.1766231394414102,0.006415536434515978,1.0119656497781717,0.9979134984295484,0.007882492028019262
2025-06-25 00:00:00+05:30,1944.6072733737653,1960.4331718345895,1942.530148349187,1958.6527099609375,9202966,60.81414371438877,1925.9425537109375,1911.4499951171874,1930.3382113171576,1920.0106030683319,10.469294989785567,9.6177757595399,0.8515192302456676,1962.2885496208462,1925.9425537109375,1889.596557801029,72.6919918198173,0.9499829407767377,26.699426923775125,80.67225321580771,60.22407633846009,9620723.6,0.9565773202339999,0.009842406943514792,1.0092163426655782,1.0072227625492751,0.008105021465569441
2025-06-26 00:00:00+05:30,1959.839632938963,2005.0423050023703,1958.454842740137,1999.800048828125,25042415,67.98808136151733,1930.60625,1914.55384765625,1941.0246486869041,1925.9240679356967,15.234908786933147,10.741202365018548,4.493706421914599,1978.0363831162715,1930.60625,1883.1761168837286,94.86026623254293,1.2294286804814722,28.12000087652213,95.35501215143012,77.84342491798974,10149899.5,2.4672574344209024,0.021007980974844687,1.0237878664575442,1.0203896355689255,0.009208187570175155
2025-06-27 00:00:00+05:30,2013.0,2019.800048828125,1993.4000244140625,2014.9000244140625,14106692,70.14792334901273,1935.1644104003906,1917.7005517578125,1952.3900918530364,1932.5181169566224,19.999591053241147,12.59288010266307,7.406710950578077,1994.9821375379076,1935.1644104003906,1875.3466832628735,119.63545427503414,1.1664881618651686,27.99714541491787,96.16033945629924,90.72920160784567,10136532.15,1.3916684514239912,0.007550742682892686,1.0132437163091852,1.0009438770064891,0.009158304944483128
2025-06-30 00:00:00+05:30,2011.5,2013.800048828125,1995.5,2001.5,6824510,65.89877728962574,1939.6856079101562,1920.0115014648438,1959.9454627571265,1937.6302100017963,22.435740840785456,14.561452250287548,7.874288590497908,2004.9575608338816,1939.6856079101562,1874.4136549864309,130.5439058474508,0.9735141919384422,27.3830653434282,85.66007646176341,92.39180935649757,10111037.1,0.6749564789946226,-0.006650466153008905,1.0091706583954523,0.9950285856326124,0.009161868263909113
2025-07-01 00:00:00+05:30,2005.0,2016.0,2004.0,2012.0999755859375,7194693,67.5721363442262,1945.1077209472655,1922.1308911132812,1967.9692343389238,1943.1488118299023,24.93430934396997,16.636023669024034,8.298285674945937,2015.3358984314066,1945.1077209472655,1874.8795434631245,140.45635496828208,0.9769613639325909,26.462846390326185,93.96622038723251,91.92887876843172,9861332.15,0.7295863165911108,0.005296015781132812,1.0059880239520957,1.0035411349555798,0.009062407975143932
2025-07-02 00:00:00+05:30,2019.9000244140625,2019.9000244140625,1977.9000244140625,1986.0,9439125,59.79207959056852,1948.4038696289062,1923.0438110351563,1970.7431983971724,1946.3242115024286,24.525676251643745,18.213954185547976,6.3117220660957685,2019.8018184174477,1948.4038696289062,1877.0059208403648,142.795897577083,0.7632857876802721,27.572643076731456,73.45672533434951,84.36100739444846,10009249.85,0.9430402019587912,-0.012971510313913193,1.0212346425408647,0.9832169790562301,0.00960388657539757
2025-07-03 00:00:00+05:30,1994.9000244140625,2008.0,1984.300048828125,1987.0999755859375,8430253,60.00110100433985,1951.3395874023438,1924.72650390625,1973.2596257417179,1949.3457288525824,24.013774573609453,19.373918263160274,4.639856310449179,2024.0205683834433,1951.3395874023438,1878.6586064212443,145.36196196219908,0.7460092564854971,27.296022226384565,73.49696308461581,80.30663626873259,9874377.05,0.8537503639280211,0.000553864846897012,1.011943733603127,0.9960900051467912,0.009587289755618893
2025-07-04 00:00:00+05:30,1987.0999755859375,2003.5,1980.0,1989.300048828125,3931972,60.44402583747644,1952.946142578125,1926.59365234375,1975.7273832099393,1952.306297356579,23.514555174827365,20.202045645493694,3.3125095293336706,2027.4686489895869,1952.946142578125,1878.4236361666633,149.04501282292358,0.7439122622183342,27.02487778164281,75.2746623392659,74.0761169194104,9317800.45,0.4219849975430629,0.0011071779322722186,1.0118686868686868,1.0011071779322722,0.00905531580606579
2025-07-07 00:00:00+05:30,1989.0,1998.4000244140625,1983.800048828125,1987.4000244140625,5674713,59.82786762294121,1954.4477966308593,1928.533583984375,1977.5231742077146,1954.9066372122095,22.703887827368135,20.702414081868582,2.0014737454995526,2030.4615414476582,1954.4477966308593,1878.4340518140605,152.02748963359772,0.7167517720816249,26.13738476766386,73.73940800321594,74.17034447569921,9271471.4,0.6120617489042786,-0.0009551220868776467,1.0073596003763394,0.9991955879407052,0.009063010882516312
2025-07-08 00:00:00+05:30,1977.0,2005.0,1977.0,2001.4000244140625,7612158,62.83419288714165,1957.3220520019531,1930.5754736328124,1981.1965358528585,1958.351578698437,22.92682494457381,21.14729625440963,1.779528690164181,2035.831656849927,1957.3220520019531,1878.8124471539793,157.01920969594767,0.7807170695704179,26.27042871283073,83.94838697543149,77.65415243930443,9263751.15,0.8217144304443023,0.007044379504889786,1.0141628730399594,1.0123419445695814,0.008976726999677857
2025-07-09 00:00:00+05:30,2007.0,2013.800048828125,1998.0999755859375,2011.199951171875,6930714,64.81891534490411,1961.4231994628906,1933.0388793945312,1985.8124459816154,1962.267311610509,23.621976957884726,21.64223239510465,1.979744562780077,2042.1611536526161,1961.4231994628906,1880.685245273165,161.47590837945108,0.8082611654489931,25.5154033220705,92.04153891944203,83.24311129936315,9332877.0,0.7426128084619565,0.004896535744113306,1.0078575013432867,1.0020926513063653,0.008743170586863443
2025-07-10 00:00:00+05:30,2016.0,2017.0,2000.0,2006.199951171875,8515155,62.971220761244105,1965.620538330078,1935.0818115234374,1988.9489852874672,1965.5223806637343,23.498555008679432,22.01349691781961,1.4850580908598232,2046.5048999184232,1965.620538330078,1884.7361767417328,161.7687231766904,0.7508483224997361,24.907160227636894,86.19354145672308,87.39448911719886,9349906.5,0.9107208719146015,-0.002486078023762217,1.0085,0.9951388646685888,0.008708674876917654
2025-07-11 00:00:00+05:30,1998.0,2004.800048828125,1980.9000244140625,1983.699951171875,6258461,55.32808981804249,1969.9688415527344,1936.7360668945312,1988.1414415673958,1966.869173643004,21.339195304787154,21.87863659521312,-0.539441290425966,2044.6879680571726,1969.9688415527344,1895.2497150482961,149.43825300887647,0.5918848376682041,24.935214979792296,57.7001423209987,78.64507423238793,9359885.5,0.668647175224526,-0.011215233051350193,1.0120652350545212,0.9928428184043419,0.008526549797859991
2025-07-14 00:00:00+05:30,1983.0,1988.699951171875,1970.5999755859375,1983.0,6544425,55.10402050396552,1973.4018310546876,1938.0815673828124,1987.3504505487556,1968.0643013219203,19.34837099537981,21.372583475246458,-2.024212479866648,2043.764175284002,1973.4018310546876,1903.0394868253732,140.72468845862886,0.5682052953923159,24.446983594516954,52.306987821563304,65.40022386642835,9274263.1,0.7056544470902492,-0.0003528513329152938,1.0091850075155693,1.0,0.008380946758930365
2025-07-15 00:00:00+05:30,1973.0,2003.5999755859375,1973.0,1995.5,7249084,58.34814843068275,1977.7466674804687,1939.777958984375,1988.6042273985026,1970.0969716035552,18.56526510059757,20.811119800316682,-2.2458546997191107,2042.0369795099416,1977.7466674804687,1913.4563554509957,128.5806240589459,0.6380716002077622,24.886483022475566,60.2897676443574,56.765632595639794,9212248.9,0.7868962376819845,0.006303580433686395,1.015509364209801,1.0114039533705017,0.008358967404631141
2025-07-16 00:00:00+05:30,2018.0,2022.699951171875,1992.5999755859375,1996.300048828125,8997306,58.55457154120646,1981.9188415527344,1941.2153759765624,1989.7881999350018,1972.0382907451342,17.80397218242092,20.20969027673753,-2.405718094316608,2039.2801233431494,1981.9188415527344,1924.5575597623194,114.72256358082996,0.6253563974383995,25.258875348437133,49.32837866650422,53.9750447108083,9201268.8,0.9778331875273548,0.00040092649868461727,1.0151058797323764,0.9892468031853939,0.00836933257063849
2025-07-17 00:00:00+05:30,2004.0,2004.800048828125,1982.699951171875,1986.9000244140625,11264579,55.0994117298092,1985.551776123047,1942.8030712890625,1989.3438652366576,1973.1393439507583,16.254763849594383,19.4187049913089,-3.163941141714517,2033.7849306771575,1985.551776123047,1937.3186215689364,96.46630910822114,0.5139763644269114,25.033248370423767,31.28609686436131,46.96808105840763,9342592.25,1.205723068990836,-0.004708723230047784,1.0111464660314273,0.9914670780509294,0.008505795343939929
2025-07-18 00:00:00+05:30,1986.9000244140625,1997.0,1953.0,1957.4000244140625,8064723,45.93809265436145,1986.255712890625,1944.5683227539062,1984.4294281606826,1971.9732879569194,12.502480809920144,18.03546015503115,-5.532979345111006,2032.367278768747,1986.255712890625,1940.1441470125033,92.22313175624367,0.18711007827372975,26.388016343964924,6.312808459811342,28.97576133022561,8923318.2,0.9037807258739244,-0.01484724930168524,1.0225294418842805,0.9851527506983148,0.008685252646713219
2025-07-21 00:00:00+05:30,1978.199951171875,2002.0,1976.5,2000.5,11154539,57.14840534976319,1989.9207763671875,1945.860263671875,1986.9018238394847,1974.0866806023464,12.8583541924163,17.00003896250818,-4.1416847700918815,2027.5449741005448,1989.9207763671875,1952.2965786338302,75.24839546671456,0.6405906872458447,27.688870575534395,68.14925864563156,35.249387989934725,9187557.2,1.214091924238578,0.022018992054952724,1.0129015937262837,1.0112728992915578,0.009676984500991331
2025-07-22 00:00:00+05:30,2013.0999755859375,2018.0,2003.0,2007.0999755859375,7418407,58.56530943049123,1993.2976379394531,1947.9686743164064,1990.009231812404,1976.5324343920706,13.51713219761018,16.303457609528582,-2.7863254119184013,2023.658899013048,1993.2976379394531,1962.9363768658582,60.72252214718992,0.7273017845508433,26.961094105853366,77.61838376691384,50.6934836241189,8992844.5,0.8249233043004357,0.0032991630022181084,1.0074887668497254,0.9970195220939021,0.009625614791158987
2025-07-23 00:00:00+05:30,2011.0,2029.800048828125,2003.0,2024.300048828125,6817458,62.08390770442997,1996.5800048828125,1950.6584741210938,1995.2847421396482,1980.0712109863493,15.251313033561928,16.093028694335253,-0.8417156607733247,2025.4051004113662,1996.5800048828125,1967.7549093542589,57.65019105710735,0.980831779340565,26.949590871729914,92.83854621979636,79.53539621078056,8873569.1,0.7682881513820634,0.008569614593894936,1.013379954482339,1.0066136493426778,0.009573408781743127
2025-07-24 00:00:00+05:30,2037.699951171875,2037.699951171875,2008.4000244140625,2014.199951171875,9553588,58.91983076014026,1997.3,1952.6873193359374,1998.194774306449,1982.5995534439592,15.63049178962342,16.000521313392888,-0.3700295237694675,2027.1132743119417,1997.3,1967.4867256880582,59.62654862388354,0.7834299747664035,27.1174720064501,72.25500171503843,80.9039772339162,8099127.75,1.1795823321838577,-0.004989427166242955,1.0145886906998822,0.9884673894277294,0.008519792944767367
2025-07-25 00:00:00+05:30,2015.0,2015.0,1999.0,2004.5999755859375,4653299,55.998545436029914,1996.7849975585937,1954.5063623046874,1999.1801898902,1984.2293860219368,14.983633881794958,15.797143827073302,-0.8135099452783443,2025.706895352072,1996.7849975585937,1967.8630997651153,57.84379558695673,0.6351048621212203,26.323366863132236,60.92090358025083,75.33815050502854,7626458.1,0.6101520442366294,-0.004766148256707181,1.0080040020010006,0.9948386975612593,0.008419757907199305
2025-07-28 00:00:00+05:30,2003.0,2021.4000244140625,2000.5,2008.5,6029790,56.932748996586774,1997.1349975585938,1956.32427734375,2000.6140068329903,1986.0273846428656,14.61719577186227,15.561154216031097,-0.9439584441688265,2026.4434976705468,1997.1349975585938,1967.8264974466408,58.61700022390596,0.6938857737174202,25.935985259627255,65.52542148150496,66.23377559226473,7586722.1,0.7947819783724516,0.0019455374945429593,1.010447400356942,1.0027458811782326,0.008292810501262378
2025-07-29 00:00:00+05:30,1999.9000244140625,2026.5,1996.300048828125,2021.5999755859375,9947848,60.00441756969941,1997.6099975585937,1958.875009765625,2003.8426174157419,1988.6626293627198,15.20853495444726,15.490630363714331,-0.2820954092670718,2028.1550887405865,1997.6099975585937,1967.064906376601,61.090182363985605,0.8926977641744047,26.24055425335924,80.9917534034145,69.14602615505676,7724379.85,1.2878507004028292,0.0065222681533172455,1.015127961946203,1.0108505179793839,0.008336831207964268
2025-07-30 00:00:00+05:30,2028.0,2032.5999755859375,2017.0,2025.800048828125,7577018,60.96568629292095,1999.6,1961.2743334960937,2007.2206837916365,1991.41377936987,15.833566823889896,15.559217655749446,0.27434916814044996,2031.990423675875,1999.6,1967.2095763241248,64.78084735175025,0.9044412800879675,25.48051291997197,85.95052042048707,77.48923176846883,7631274.5,0.9928902439559736,0.0020775985817720333,1.0077342466960524,0.9989152114537105,0.007736461768084389
2025-07-31 00:00:00+05:30,2014.5999755859375,2031.4000244140625,2008.0,2018.199951171875,11091516,58.23804914070553,2001.1549987792969,1963.658154296875,2008.9098018521481,1993.3980938785332,15.536549053023919,15.554683935204341,-0.018134882180422807,2033.9789073786246,2001.1549987792969,1968.3310901799691,65.6478171986555,0.7596423326764811,25.331906598121293,76.97755461460636,81.30660947950263,7764337.65,1.428520564146254,-0.0037516524203099477,1.0116533986125809,1.0017869431299335,0.007809699034258878
2025-08-01 00:00:00+05:30,2014.0,2028.300048828125,2009.300048828125,2012.199951171875,5658415,56.10396543661496,2002.2999938964845,1965.65095703125,2009.4159786710782,1994.7909238994148,14.648155653593221,15.373378278882118,-0.7252226252888967,2034.9872260745904,2002.2999938964845,1969.6127617183786,65.37446435621177,0.6514346216505537,24.879627555398343,69.89372526525447,77.60726676678263,7850659.8,0.7207566171699352,-0.0029729462616011615,1.0094560292332055,0.999106231962202,0.007854570238560465
